[
  {
    "source": "The default aruba timeout is (\\d+) seconds",
    "flags": "",
    "file_colon_line": "aruba-0.5.2/lib/aruba/cucumber.rb:7",
    "steps": [

    ]
  },
  {
    "source": "^I'm using a clean gemset \"([^\"]*)\"$",
    "flags": "",
    "file_colon_line": "aruba-0.5.2/lib/aruba/cucumber.rb:11",
    "steps": [

    ]
  },
  {
    "source": "^a directory named \"([^\"]*)\"$",
    "flags": "",
    "file_colon_line": "aruba-0.5.2/lib/aruba/cucumber.rb:15",
    "steps": [

    ]
  },
  {
    "source": "^a file named \"([^\"]*)\" with:$",
    "flags": "",
    "file_colon_line": "aruba-0.5.2/lib/aruba/cucumber.rb:19",
    "steps": [
      {
        "name": "a file named \"features/f.feature\" with:",
        "args": [
          {
            "offset": 14,
            "val": "features/f.feature"
          }
        ]
      },
      {
        "name": "a file named \"features/step_definitions/steps.rb\" with:",
        "args": [
          {
            "offset": 14,
            "val": "features/step_definitions/steps.rb"
          }
        ]
      }
    ]
  },
  {
    "source": "^a (\\d+) byte file named \"([^\"]*)\"$",
    "flags": "",
    "file_colon_line": "aruba-0.5.2/lib/aruba/cucumber.rb:23",
    "steps": [

    ]
  },
  {
    "source": "^an empty file named \"([^\"]*)\"$",
    "flags": "",
    "file_colon_line": "aruba-0.5.2/lib/aruba/cucumber.rb:27",
    "steps": [

    ]
  },
  {
    "source": "^I write to \"([^\"]*)\" with:$",
    "flags": "",
    "file_colon_line": "aruba-0.5.2/lib/aruba/cucumber.rb:31",
    "steps": [

    ]
  },
  {
    "source": "^I overwrite \"([^\"]*)\" with:$",
    "flags": "",
    "file_colon_line": "aruba-0.5.2/lib/aruba/cucumber.rb:35",
    "steps": [

    ]
  },
  {
    "source": "^I append to \"([^\"]*)\" with:$",
    "flags": "",
    "file_colon_line": "aruba-0.5.2/lib/aruba/cucumber.rb:39",
    "steps": [

    ]
  },
  {
    "source": "^I append to \"([^\"]*)\" with \"([^\"]*)\"$",
    "flags": "",
    "file_colon_line": "aruba-0.5.2/lib/aruba/cucumber.rb:43",
    "steps": [

    ]
  },
  {
    "source": "^I remove the file \"([^\"]*)\"$",
    "flags": "",
    "file_colon_line": "aruba-0.5.2/lib/aruba/cucumber.rb:47",
    "steps": [

    ]
  },
  {
    "source": "^I cd to \"([^\"]*)\"$",
    "flags": "",
    "file_colon_line": "aruba-0.5.2/lib/aruba/cucumber.rb:51",
    "steps": [

    ]
  },
  {
    "source": "^I run \"(.*)\"$",
    "flags": "",
    "file_colon_line": "aruba-0.5.2/lib/aruba/cucumber.rb:55",
    "steps": [

    ]
  },
  {
    "source": "^I run `([^`]*)`$",
    "flags": "",
    "file_colon_line": "aruba-0.5.2/lib/aruba/cucumber.rb:60",
    "steps": [
      {
        "name": "I run `cucumber features/f.feature`",
        "args": [
          {
            "offset": 7,
            "val": "cucumber features/f.feature"
          }
        ]
      }
    ]
  },
  {
    "source": "^I successfully run \"(.*)\"$",
    "flags": "",
    "file_colon_line": "aruba-0.5.2/lib/aruba/cucumber.rb:64",
    "steps": [

    ]
  },
  {
    "source": "^I successfully run `(.*?)`(?: for up to (\\d+) seconds)?$",
    "flags": "",
    "file_colon_line": "aruba-0.5.2/lib/aruba/cucumber.rb:71",
    "steps": [

    ]
  },
  {
    "source": "^I run \"([^\"]*)\" interactively$",
    "flags": "",
    "file_colon_line": "aruba-0.5.2/lib/aruba/cucumber.rb:75",
    "steps": [

    ]
  },
  {
    "source": "^I run `([^`]*)` interactively$",
    "flags": "",
    "file_colon_line": "aruba-0.5.2/lib/aruba/cucumber.rb:80",
    "steps": [

    ]
  },
  {
    "source": "^I type \"([^\"]*)\"$",
    "flags": "",
    "file_colon_line": "aruba-0.5.2/lib/aruba/cucumber.rb:84",
    "steps": [

    ]
  },
  {
    "source": "^I wait for (?:output|stdout) to contain \"([^\"]*)\"$",
    "flags": "",
    "file_colon_line": "aruba-0.5.2/lib/aruba/cucumber.rb:88",
    "steps": [

    ]
  },
  {
    "source": "^the output should contain \"([^\"]*)\"$",
    "flags": "",
    "file_colon_line": "aruba-0.5.2/lib/aruba/cucumber.rb:97",
    "steps": [

    ]
  },
  {
    "source": "^the output from \"([^\"]*)\" should contain \"([^\"]*)\"$",
    "flags": "",
    "file_colon_line": "aruba-0.5.2/lib/aruba/cucumber.rb:101",
    "steps": [

    ]
  },
  {
    "source": "^the output from \"([^\"]*)\" should not contain \"([^\"]*)\"$",
    "flags": "",
    "file_colon_line": "aruba-0.5.2/lib/aruba/cucumber.rb:105",
    "steps": [

    ]
  },
  {
    "source": "^the output should not contain \"([^\"]*)\"$",
    "flags": "",
    "file_colon_line": "aruba-0.5.2/lib/aruba/cucumber.rb:109",
    "steps": [

    ]
  },
  {
    "source": "^the output should contain:$",
    "flags": "",
    "file_colon_line": "aruba-0.5.2/lib/aruba/cucumber.rb:113",
    "steps": [

    ]
  },
  {
    "source": "^the output should not contain:$",
    "flags": "",
    "file_colon_line": "aruba-0.5.2/lib/aruba/cucumber.rb:117",
    "steps": [

    ]
  },
  {
    "source": "^the output(?: from \"(.*?)\")? should contain exactly \"(.*?)\"$",
    "flags": "",
    "file_colon_line": "aruba-0.5.2/lib/aruba/cucumber.rb:123",
    "steps": [

    ]
  },
  {
    "source": "^the output(?: from \"(.*?)\")? should contain exactly:$",
    "flags": "",
    "file_colon_line": "aruba-0.5.2/lib/aruba/cucumber.rb:129",
    "steps": [

    ]
  },
  {
    "source": "^the output should match \\/([^\\/]*)\\/$",
    "flags": "",
    "file_colon_line": "aruba-0.5.2/lib/aruba/cucumber.rb:137",
    "steps": [

    ]
  },
  {
    "source": "^the output should match:$",
    "flags": "",
    "file_colon_line": "aruba-0.5.2/lib/aruba/cucumber.rb:141",
    "steps": [

    ]
  },
  {
    "source": "^the output should not match \\/([^\\/]*)\\/$",
    "flags": "",
    "file_colon_line": "aruba-0.5.2/lib/aruba/cucumber.rb:146",
    "steps": [

    ]
  },
  {
    "source": "^the output should not match:$",
    "flags": "",
    "file_colon_line": "aruba-0.5.2/lib/aruba/cucumber.rb:150",
    "steps": [

    ]
  },
  {
    "source": "^the exit status should be (\\d+)$",
    "flags": "",
    "file_colon_line": "aruba-0.5.2/lib/aruba/cucumber.rb:154",
    "steps": [

    ]
  },
  {
    "source": "^the exit status should not be (\\d+)$",
    "flags": "",
    "file_colon_line": "aruba-0.5.2/lib/aruba/cucumber.rb:158",
    "steps": [

    ]
  },
  {
    "source": "^it should (pass|fail) with:$",
    "flags": "",
    "file_colon_line": "aruba-0.5.2/lib/aruba/cucumber.rb:162",
    "steps": [
      {
        "name": "it should fail with:",
        "args": [
          {
            "offset": 10,
            "val": "fail"
          }
        ]
      }
    ]
  },
  {
    "source": "^it should (pass|fail) with exactly:$",
    "flags": "",
    "file_colon_line": "aruba-0.5.2/lib/aruba/cucumber.rb:166",
    "steps": [

    ]
  },
  {
    "source": "^it should (pass|fail) with regexp?:$",
    "flags": "",
    "file_colon_line": "aruba-0.5.2/lib/aruba/cucumber.rb:170",
    "steps": [

    ]
  },
  {
    "source": "^the stderr(?: from \"(.*?)\")? should contain( exactly)? \"(.*?)\"$",
    "flags": "",
    "file_colon_line": "aruba-0.5.2/lib/aruba/cucumber.rb:179",
    "steps": [

    ]
  },
  {
    "source": "^the stderr(?: from \"(.*?)\")? should contain( exactly)?:$",
    "flags": "",
    "file_colon_line": "aruba-0.5.2/lib/aruba/cucumber.rb:191",
    "steps": [

    ]
  },
  {
    "source": "^the stdout(?: from \"(.*?)\")? should contain( exactly)? \"(.*?)\"$",
    "flags": "",
    "file_colon_line": "aruba-0.5.2/lib/aruba/cucumber.rb:203",
    "steps": [

    ]
  },
  {
    "source": "^the stdout(?: from \"(.*?)\")? should contain( exactly)?:$",
    "flags": "",
    "file_colon_line": "aruba-0.5.2/lib/aruba/cucumber.rb:215",
    "steps": [

    ]
  },
  {
    "source": "^the stderr should not contain \"([^\"]*)\"$",
    "flags": "",
    "file_colon_line": "aruba-0.5.2/lib/aruba/cucumber.rb:223",
    "steps": [

    ]
  },
  {
    "source": "^the stderr should not contain:$",
    "flags": "",
    "file_colon_line": "aruba-0.5.2/lib/aruba/cucumber.rb:227",
    "steps": [

    ]
  },
  {
    "source": "^the (stderr|stdout) should not contain anything$",
    "flags": "",
    "file_colon_line": "aruba-0.5.2/lib/aruba/cucumber.rb:231",
    "steps": [

    ]
  },
  {
    "source": "^the stdout should not contain \"([^\"]*)\"$",
    "flags": "",
    "file_colon_line": "aruba-0.5.2/lib/aruba/cucumber.rb:236",
    "steps": [

    ]
  },
  {
    "source": "^the stdout should not contain:$",
    "flags": "",
    "file_colon_line": "aruba-0.5.2/lib/aruba/cucumber.rb:240",
    "steps": [

    ]
  },
  {
    "source": "^the stdout from \"([^\"]*)\" should not contain \"([^\"]*)\"$",
    "flags": "",
    "file_colon_line": "aruba-0.5.2/lib/aruba/cucumber.rb:244",
    "steps": [

    ]
  },
  {
    "source": "^the stderr from \"([^\"]*)\" should not contain \"([^\"]*)\"$",
    "flags": "",
    "file_colon_line": "aruba-0.5.2/lib/aruba/cucumber.rb:248",
    "steps": [

    ]
  },
  {
    "source": "^the file \"([^\"]*)\" should not exist$",
    "flags": "",
    "file_colon_line": "aruba-0.5.2/lib/aruba/cucumber.rb:252",
    "steps": [

    ]
  },
  {
    "source": "^the following files should exist:$",
    "flags": "",
    "file_colon_line": "aruba-0.5.2/lib/aruba/cucumber.rb:256",
    "steps": [

    ]
  },
  {
    "source": "^the following files should not exist:$",
    "flags": "",
    "file_colon_line": "aruba-0.5.2/lib/aruba/cucumber.rb:260",
    "steps": [

    ]
  },
  {
    "source": "^a file named \"([^\"]*)\" should exist$",
    "flags": "",
    "file_colon_line": "aruba-0.5.2/lib/aruba/cucumber.rb:264",
    "steps": [

    ]
  },
  {
    "source": "^a file named \"([^\"]*)\" should not exist$",
    "flags": "",
    "file_colon_line": "aruba-0.5.2/lib/aruba/cucumber.rb:268",
    "steps": [

    ]
  },
  {
    "source": "^a (\\d+) byte file named \"([^\"]*)\" should exist$",
    "flags": "",
    "file_colon_line": "aruba-0.5.2/lib/aruba/cucumber.rb:272",
    "steps": [

    ]
  },
  {
    "source": "^the following directories should exist:$",
    "flags": "",
    "file_colon_line": "aruba-0.5.2/lib/aruba/cucumber.rb:276",
    "steps": [

    ]
  },
  {
    "source": "^the following directories should not exist:$",
    "flags": "",
    "file_colon_line": "aruba-0.5.2/lib/aruba/cucumber.rb:280",
    "steps": [

    ]
  },
  {
    "source": "^a directory named \"([^\"]*)\" should exist$",
    "flags": "",
    "file_colon_line": "aruba-0.5.2/lib/aruba/cucumber.rb:284",
    "steps": [

    ]
  },
  {
    "source": "^a directory named \"([^\"]*)\" should not exist$",
    "flags": "",
    "file_colon_line": "aruba-0.5.2/lib/aruba/cucumber.rb:288",
    "steps": [

    ]
  },
  {
    "source": "^the file \"([^\"]*)\" should contain \"([^\"]*)\"$",
    "flags": "",
    "file_colon_line": "aruba-0.5.2/lib/aruba/cucumber.rb:292",
    "steps": [

    ]
  },
  {
    "source": "^the file \"([^\"]*)\" should not contain \"([^\"]*)\"$",
    "flags": "",
    "file_colon_line": "aruba-0.5.2/lib/aruba/cucumber.rb:296",
    "steps": [

    ]
  },
  {
    "source": "^the file \"([^\"]*)\" should contain:$",
    "flags": "",
    "file_colon_line": "aruba-0.5.2/lib/aruba/cucumber.rb:300",
    "steps": [

    ]
  },
  {
    "source": "^the file \"([^\"]*)\" should contain exactly:$",
    "flags": "",
    "file_colon_line": "aruba-0.5.2/lib/aruba/cucumber.rb:304",
    "steps": [

    ]
  },
  {
    "source": "^the file \"([^\"]*)\" should match \\/([^\\/]*)\\/$",
    "flags": "",
    "file_colon_line": "aruba-0.5.2/lib/aruba/cucumber.rb:308",
    "steps": [

    ]
  },
  {
    "source": "^the file \"([^\"]*)\" should not match \\/([^\\/]*)\\/$",
    "flags": "",
    "file_colon_line": "aruba-0.5.2/lib/aruba/cucumber.rb:312",
    "steps": [

    ]
  },
  {
    "source": "^it\\ should\\ pass$",
    "flags": "",
    "file_colon_line": "features/step_definitions/cucumber_steps.rb:1",
    "steps": [

    ]
  },
  {
    "source": "^it should (pass|fail) with JSON:$",
    "flags": "",
    "file_colon_line": "features/step_definitions/cucumber_steps.rb:5",
    "steps": [

    ]
  },
  {
    "source": "^a directory without standard Cucumber project directory structure$",
    "flags": "",
    "file_colon_line": "features/step_definitions/cucumber_steps.rb:30",
    "steps": [

    ]
  },
  {
    "source": "^a scenario with a step that looks like this:$",
    "flags": "",
    "file_colon_line": "features/step_definitions/cucumber_steps.rb:36",
    "steps": [

    ]
  },
  {
    "source": "^a scenario with a step that looks like this in japanese:$",
    "flags": "",
    "file_colon_line": "features/step_definitions/cucumber_steps.rb:42",
    "steps": [

    ]
  },
  {
    "source": "^a step definition that looks like this:$",
    "flags": "",
    "file_colon_line": "features/step_definitions/cucumber_steps.rb:48",
    "steps": [

    ]
  },
  {
    "source": "^I run the feature with the (\\w+) formatter$",
    "flags": "",
    "file_colon_line": "features/step_definitions/cucumber_steps.rb:52",
    "steps": [

    ]
  },
  {
    "source": "^I am running spork in the background$",
    "flags": "",
    "file_colon_line": "features/step_definitions/drb_steps.rb:1",
    "steps": [

    ]
  },
  {
    "source": "^jeg drikker en \"([^\"]*)\"$",
    "flags": "",
    "file_colon_line": "features/step_definitions/iso-8859-1_steps.rb:6",
    "steps": [

    ]
  },
  {
    "source": "^skal de andre si \"([^\"]*)\"$",
    "flags": "",
    "file_colon_line": "features/step_definitions/iso-8859-1_steps.rb:10",
    "steps": [

    ]
  }
]